Label,structuralUnitID,structuralUnitName,component,documentID,passageStart,passageEnd,authorID
structural,s000001,Title Page,frontMatter,866300300,00001,00001,Unknown
structural,s000002,THE DESIGN.,frontMatter,866300300,00001,00008,A0021
structural,s000003,ARGUMENT.,frontMatter,866300300,00008,00008,Unknown
structural,s000004,ARGUMENT.,frontMatter,866300300,Unclear,Unclear,Unknown
structural,s000005,ARGUMENT.,frontMatter,866300300,Unclear,Unclear,Unknown
structural,s000006,BOOK I.,mainBody,866300300,00008,00013,A0001
structural,s000007,BOOK II.,mainBody,866300300,00013,00019,A0001
structural,s000008,BOOK III.,mainBody,866300300,00019,00024,A0001
structural,s000009,NOTES ON THE FIRST BOOK.,backMatter,866300300,00024,00026,A0001
structural,s000010,NOTES ON THE SECOND BOOK.,backMatter,866300300,00026,00027,A0001
structural,s000011,NOTES ON THE THIRD BOOK.,backMatter,866300300,00027,00030,A0001
structural,s000012,Title Page,frontMatter,509000201,00001,,Unknown
structural,s000013,"To the Right Honourable John Lord Sommers, Baron of Evesham.",frontMatter,509000201,,,
structural,s000014,"No 1. Thursday, March 1, 1710 - 11.",mainBody,509000201,,,
structural,s000015,"No 2. Friday, March 2.",mainBody,509000201,,,
structural,s000016,"No 3. Saturday, March 3.",mainBody,509000201,,,
structural,s000017,"No 4. Monday, March 5.",mainBody,509000201,,,
structural,s000018,"No 5. Tuesday, March 6.",mainBody,509000201,,,
structural,s000019,"No 6. Wednesday, March 7.",mainBody,509000201,,,
structural,s000020,"No 7. Thursday, March 8.",mainBody,509000201,,,
structural,s000021,"No 8. Friday, March 9.",mainBody,509000201,,,
structural,s000022,"No 9. Saturday, March 10.",mainBody,509000201,,,
structural,s000023,"No 10. Monday, March 12.",mainBody,509000201,,,
structural,s000024,"No 11. Tuesday, March 13.",mainBody,509000201,,,
structural,s000025,"No. 12. Wednesday, March 14.",mainBody,509000201,,,
structural,s000026,"No 13. Thursday, March 15.",mainBody,509000201,,,
structural,s000027,"No 14. Friday, March 16.",mainBody,509000201,,,
structural,s000028,"No 15. Saturday, March 17.",mainBody,509000201,,,
structural,s000029,"No 16. Monday, March 19.",mainBody,509000201,,,
structural,s000030,"No 17. Tuesday, March 20.",mainBody,509000201,,,
structural,s000031,"No. 18. Wednesday, March 21.",mainBody,509000201,,,
structural,s000032,"No 19. Thursday, March 22.",mainBody,509000201,,,
structural,s000033,"No 20. Friday, March 23.",mainBody,509000201,,,
structural,s000034,"No 21. Saturday, March 24.",mainBody,509000201,,,
structural,s000035,"No 22. Monday, March 26.",mainBody,509000201,,,
structural,s000036,"No 23. Tuesday, March 27.",mainBody,509000201,,,
structural,s000037,"No. 24. Wednesday, March 28.",mainBody,509000201,,,
structural,s000038,"No 25. Thursday, March 22.",mainBody,509000201,,,
structural,s000039,"No 26. Friday, March 30.",mainBody,509000201,,,
structural,s000040,"No 27. Saturday, March 31.",mainBody,509000201,,,
structural,s000041,"No 28. Monday, April 2.",mainBody,509000201,,,
structural,s000042,"No 29. Tuesday, April 3.",mainBody,509000201,,,
structural,s000043,"No 30. Wednesday, April 4.",mainBody,509000201,,,
structural,s000044,"No 31. Thursday, April 5.",mainBody,509000201,,,
structural,s000045,"No 32. Friday, April 6.",mainBody,509000201,,,
structural,s000046,"No 33. Saturday, April 7.",mainBody,509000201,,,
structural,s000047,"No 34. Monday, April 9.",mainBody,509000201,,,
structural,s000048,"No 35. Tuesday, April 10.",mainBody,509000201,,,
structural,s000049,"No 36. Wednesday, April 11.",mainBody,509000201,,,
structural,s000050,"No 37. Thursday, April 12.",mainBody,509000201,,,
structural,s000051,"No 38. Friday, April 13.",mainBody,509000201,,,
structural,s000052,"No 39. Saturday, April 14.",mainBody,509000201,,,
structural,s000053,"No 40. Monday, April 16.",mainBody,509000201,,,
structural,s000054,"No 41. Tuesday, April 17.",mainBody,509000201,,,
structural,s000055,"No 42. Wednesday, April 18.",mainBody,509000201,,,
structural,s000056,"No 43. Thursday, April 19.",mainBody,509000201,,,
structural,s000057,"No 44. Friday, April 20.",mainBody,509000201,,,
structural,s000058,"No 45. Saturday, April 21.",mainBody,509000201,,,
structural,s000059,"No 46. Monday, April 23.",mainBody,509000201,,,
structural,s000060,"No 47. Tuesday, April 24.",mainBody,509000201,,,
structural,s000061,"No 48. Wednesday, April 25.",mainBody,509000201,,,
structural,s000062,"No 49. Thursday, April 26.",mainBody,509000201,,,
structural,s000063,"No 50. Friday, April 27.",mainBody,509000201,,,
structural,s000064,"No 51. Saturday, April 28.",mainBody,509000201,,,
structural,s000065,"No 52. Monday, April 30.",mainBody,509000201,,,
structural,s000066,"No 53. Tuesday, May 1.",mainBody,509000201,,,
structural,s000067,"No 54. Wednesday, May 2.",mainBody,509000201,,,
structural,s000068,"No 55. Thursday, May 3.",mainBody,509000201,,,
structural,s000069,"No 56. Friday, May 4.",mainBody,509000201,,,
structural,s000070,"No 57. Saturday, May 5.",mainBody,509000201,,,
structural,s000071,"No 58. Monday, May 7.",mainBody,509000201,,,
structural,s000072,"No 59. Tuesday, May 8.",mainBody,509000201,,,
structural,s000073,"No 60. Wednesday, May 9.",mainBody,509000201,,,
structural,s000074,"No 61. Thursday, May 10.",mainBody,509000201,,,
structural,s000075,"No 62. Friday, May 11.",mainBody,509000201,,,
structural,s000076,"No 63. Saturday, May 12.",mainBody,509000201,,,
structural,s000077,"No 64. Monday, May 14.",mainBody,509000201,,,
structural,s000078,"No 65. Tuesday, May 15.",mainBody,509000201,,,
structural,s000079,"No 66. Wednesday, May 16.",mainBody,509000201,,,
structural,s000080,"No 67. Thursday, May 17.",mainBody,509000201,,,
structural,s000081,"No 68. Friday, May 18.",mainBody,509000201,,,
structural,s000082,"No 69. Saturday, May 19.",mainBody,509000201,,,
structural,s000083,"No 70. Monday, May 21.",mainBody,509000201,,,
structural,s000084,"No 71. Tuesday, May 22.",mainBody,509000201,,,
structural,s000085,"No 72. Wednesday, May 23.",mainBody,509000201,,,
structural,s000086,"No 73. Thursday, May 24.",mainBody,509000201,,,
structural,s000087,"No 74. Friday, May 25.",mainBody,509000201,,,
structural,s000088,"No 75. Saturday, May 26.",mainBody,509000201,,,
structural,s000089,"No 76. Monday, May 28.",mainBody,509000201,,,
structural,s000090,"No 77. Tuesday, May 29.",mainBody,509000201,,,
structural,s000091,"No 78. Wednesday, May 30.",mainBody,509000201,,,
structural,s000092,"No 79. Thursday, May 31.",mainBody,509000201,,,
structural,s000093,"No 80. Friday, June 1.",mainBody,509000201,,,
structural,s000094,POSTSCRIPT.,mainBody,509000201,,,
structural,s000095,Back Matter,backMatter,509000201,,,
structural,s000096,Title Page,frontMatter,295400903,,,
structural,s000097,Table of Contents,frontMatter,295400903,,,
structural,s000098,"NUMB. 106. SATURDAY, March 23, 1751.",mainBody,295400903,,,
structural,s000099,"NUMB. 107. TUESDAY, March 26, 1751.",mainBody,295400903,,,
structural,s000100,"NUMB. 108. SATURDAY, March 30, 1751.",mainBody,295400903,,,
structural,s000101,"NUMB. 109. TUESDAY, April 2, 1751.",mainBody,295400903,,,
structural,s000102,"NUMB. 110. SATURDAY, April 6, 1751.",mainBody,295400903,,,
structural,s000103,"NUMB. 111. TUESDAY, April 9, 1751.",mainBody,295400903,,,
structural,s000104,"NUMB. 112. SATURDAY, April 13, 1751.",mainBody,295400903,,,
structural,s000105,"NUMB. 113. TUESDAY, April 16, 1751.",mainBody,295400903,,,
structural,s000106,"NUMB. 114. SATURDAY, April 20, 1751.",mainBody,295400903,,,
structural,s000107,"NUMB. 115. TUESDAY, April 23, 175….",mainBody,295400903,,,
structural,s000108,"NUMB. 116. SATURDAY, April 27, 1751.",mainBody,295400903,,,
structural,s000109,"NUMB. 117. TUESDAY, April 30, 1751.",mainBody,295400903,,,
structural,s000110,"NUMB. 118. SATURDAY, May 4, 1751.",mainBody,295400903,,,
structural,s000111,"NUMB. 119. TUESDAY, May 7, 1751.",mainBody,295400903,,,
structural,s000112,"NUMB. 120. SATURDAY, May 11, 1751.",mainBody,295400903,,,
structural,s000113,"NUMB. 121. TUESDAY, May 14, 1751.",mainBody,295400903,,,
structural,s000114,"NUMB. 122. SATURDAY, May 18, 1751.",mainBody,295400903,,,
structural,s000115,"NUMB. 123. TUESDAY, May 21, 1751.",mainBody,295400903,,,
structural,s000116,"NUMB. 124. SATURDAY, May 25, 1751.",mainBody,295400903,,,
structural,s000117,"NUMB. 125. TUESDAY, May 28, 1751.",mainBody,295400903,,,
structural,s000118,"NUMB. 126. SATURDAY, June 1, 1751.",mainBody,295400903,,,
structural,s000119,"NUMB. 127. TUESDAY, June 4, 1751.",mainBody,295400903,,,
structural,s000120,"NUMB. 128. SATURDAY, June 8, 1751.",mainBody,295400903,,,
structural,s000121,"NUMB. 129. TUESDAY, June 11, 1751.",mainBody,295400903,,,
structural,s000122,"NUMB. 130. SATURDAY, June 15, 1751.",mainBody,295400903,,,
structural,s000123,"NUMB. 131. TUESDAY, June 18, 1751.",mainBody,295400903,,,
structural,s000124,"NUMB. 132. SATURDAY, June 22, 1751.",mainBody,295400903,,,
structural,s000125,"NUMB. 133. TUESDAY, June 25, 1751.",mainBody,295400903,,,
structural,s000126,"NUMB. 134. SATURDAY, June 29, 1751.",mainBody,295400903,,,
structural,s000127,"NUMB. 135. TUESDAY, July 2, 1751.",mainBody,295400903,,,
structural,s000128,"NUMB. 136. SATURDAY, July 6, 1751.",mainBody,295400903,,,
structural,s000129,"NUMB. 137. TUESDAY, July 9, 1751.",mainBody,295400903,,,
structural,s000130,"NUMB. 138. SATURDAY, July 13, 1751.",mainBody,295400903,,,
structural,s000131,"NUMB. 139. TUESDAY, July 16, 1751.",mainBody,295400903,,,
structural,s000132,"NUMB. 140. SATURDAY, July 20, 1751.",mainBody,295400903,,,
structural,s000133,"NUMB. 141. TUESDAY, July 23, 1751.",mainBody,295400903,,,
structural,s000134,"NUMB. 142. SATURDAY, July 27, 1751.",mainBody,295400903,,,
structural,s000135,"NUMB. 143. TUESDAY, July 30, 1751.",mainBody,295400903,,,
structural,s000136,"NUMB. 144. SATURDAY, August 3, 1751.",mainBody,295400903,,,
structural,s000137,"NUMB. 145. TUESDAY, August 6, 1751.",mainBody,295400903,,,
structural,s000138,"NUMB. 146. SATURDAY, August 10, 1751.",mainBody,295400903,,,
structural,s000139,"NUMB. 147. TUESDAY, August 13, 1751.",mainBody,295400903,,,
structural,s000140,"NUMB. 148. SATURDAY, August 17, 1751.",mainBody,295400903,,,
structural,s000141,"NUMB. 149. TUESDAY, August 20, 1751.",mainBody,295400903,,,
structural,s000142,"NUMB. 150. SATURDAY, August 24, 1751.",mainBody,295400903,,,
structural,s000143,"NUMB. 151. TUESDAY, August 27, 1751.",mainBody,295400903,,,
structural,s000144,"NUMB. 152. SATURDAY, August 31, 1751.",mainBody,295400903,,,
structural,s000145,"NUMB. 153. TUESDAY, September 3, 1751.",mainBody,295400903,,,
structural,s000146,"NUMB. 154. SATURDAY, Sept. 7, 1751.",mainBody,295400903,,,
structural,s000147,"NUMB. 155. TUESDAY, Sept. 10, 1752.",mainBody,295400903,,,
structural,s000148,"NUMB. 156. SATURDAY, Sept. 14, 1751.",mainBody,295400903,,,
structural,s000149,"NUMB. 157. TUESDAY, Sept. 17, 1751.",mainBody,295400903,,,
structural,s000150,"NUMB. 158. SATURDAY, Sept. 21, 1751.",mainBody,295400903,,,
structural,s000151,"NUMB. 159. TUESDAY, Sept. 24, 1751.",mainBody,295400903,,,
structural,s000152,Title Page,frontMatter,937100600,,,
structural,s000153,Table of Contents,frontMatter,937100600,,,
structural,s000154,ADVERTISEMENT.,frontMatter,937100600,,,
structural,s000155,ARGUMENT.,frontMatter,937100600,,,
structural,s000156,"THE RIME OF THE ANCYENT MARINERE, IN SEVEN PARTS.",mainBody,937100600,,,
structural,s000157,"THE FOSTER - MOTHER’S TALE, A DRAMATIC FRAGMENT.",mainBody,937100600,,,
structural,s000158,"LINES LEFT UPON A SEAT IN A YEW - TREE WHICH STANDS NEAR THE LAKE OF ESTHWAITE, ON A DESOLATE PART OF THE SHORE, YET COMMANDING A BEAUTIFUL PROSPECT.",mainBody,937100600,,,
structural,s000159,"THE NIGHTINGALE; A CONVERSATIONAL POEM, WRITTEN IN APRIL, 1798.",mainBody,937100600,,,
structural,s000160,THE FEMALE VAGRANT.,mainBody,937100600,,,
structural,s000161,"GOODY BLAKE, AND HARRY GILL, A TRUE STORY.",mainBody,937100600,,,
structural,s000162,"LINES WRITTEN AT A SMALL DISTANCE FROM MY HOUSE, AND SENT BY MY LITTLE BOY TO THE PERSON TO WHOM THEY ARE ADDRESSED.",mainBody,937100600,,,
structural,s000163,"SIMON LEE, THE OLD HUNTSMAN, WITH AN INCIDENT IN WHICH HE WAS CONCERNED.",mainBody,937100600,,,
structural,s000164,"ANECDOTE FOR FATHERS, SHEWING HOW THE ART OF LYING MAY BE TAUGHT.",mainBody,937100600,,,
structural,s000165,WE ARE SEVEN.,mainBody,937100600,,,
structural,s000166,LINES WRITTEN IN LARLY SPRING.,mainBody,937100600,,,
structural,s000167,THE THORN.,mainBody,937100600,,,
structural,s000168,THE LAST OF THE FLOCK.,mainBody,937100600,,,
structural,s000169,THE DUNGEON.,mainBody,937100600,,,
structural,s000170,THE MAD MOTHER.,mainBody,937100600,,,
structural,s000171,THE IDIOT BOY.,mainBody,937100600,,,
structural,s000172,"LINES WRITTEN NEAR RICHMOND, UPON THE THAMES, AT EVENING.",mainBody,937100600,,,
structural,s000173,EXPOSTULATION AND REPLY.,mainBody,937100600,,,
structural,s000174,"THE TABLES TURNED; AN EVENING SCENE, ON THE SAME SUBJECT.",mainBody,937100600,,,
structural,s000175,"OLD MAN TRAVELLING; ANIMAL TRANQUILLITY AND DECAY, A SKETCH.",mainBody,937100600,,,
structural,s000176,THE COMPLAINT OF A FORSAKEN INDIAN WOMAN.,mainBody,937100600,,,
structural,s000177,"THE COMPLAINT, &c.",mainBody,937100600,,,
structural,s000178,THE CONVICT.,mainBody,937100600,,,
structural,s000179,"LINES WRITTEN A FEW MILES ABOVE TINTERN ABBEY, ON REVISITING THE BANKS OF THE WYE DURING A TOUR, July 13, 1798.",mainBody,937100600,,,
structural,s000180,ERRATA.,backMatter,937100600,,,
structural,s000181,"PUBLISHED For JOSEPH COTTLE, Bristol, Mr. T. LONGMAN, and Messrs. LEE and HURST, Paternoster - Row, London.",backMatter,937100600,,,
structural,s000182,Title Page,frontMatter,540000201,,,
structural,s000183,Table of Contents,frontMatter,540000201,,,
structural,s000184,ADVERTISEMENT.,frontMatter,540000201,,,
structural,s000185,PART I. Of the PROPRIETY of ACTION. Consisting of Three Sections.,mainBody,540000201,,,
structural,s000186,SECTION I. Of the SENSE of PROPRIETY.,mainBody,540000201,,,
structural,s000187,CHAP. I. Of SYMPATHY.,mainBody,540000201,,,
structural,s000188,CHAP. II. Of the Pleasure of mutual Sympathy.,mainBody,540000201,,,
structural,s000189,"CHAP. III. Of the manner in which we judge of the propriety or impropriety of the affections of other men, by their concord or dissonance with our own.",mainBody,540000201,,,
structural,s000190,CHAP. IV. The same subject continued.,mainBody,540000201,,,
structural,s000191,CHAP. V. Of the amiable and respectable virtues.,mainBody,540000201,,,
structural,s000192,SECTION II. Of the Degrees of the different Passions which are consistent with Propriety.,mainBody,540000201,,,
structural,s000193,CHAP. I. Of the Passions which take their origin from the body.,mainBody,540000201,,,
structural,s000194,CHAP. II. Of those Passions which take their origin from a particular turn or habit of the Imagination.,mainBody,540000201,,,
structural,s000195,CHAP. III. Of the unsocial Passions.,mainBody,540000201,,,
structural,s000196,CHAP. IV. Of the social Passions.,mainBody,540000201,,,
structural,s000197,CHAP. V. Of the selfish Passions.,mainBody,540000201,,,
structural,s000198,SECTION III. Of the Effects of Prosperity and Adversity upon the Judgment of Mankind with regard to the Propriety of Action; and why it is more easy to obtain their Approbation in the one state than ...,mainBody,540000201,,,
structural,s000199,"CHAP. I. That though our sympathy with sorrow is generally a more lively sensation than our sympathy with joy, it commonly falls much more short of the violence of what is naturally felt by the person ...",mainBody,540000201,,,
structural,s000200,"CHAP. II. Of the origin of Ambition, and of the distinction of Ranks.",mainBody,540000201,,,
structural,s000201,"CHAP. III. Of the corruption of our moral sentiments, which is occasioned by this disposition to admire the rich and the great, and to despise or neglect persons of poor and mean condition.",mainBody,540000201,,,
structural,s000202,"PART II. Of MERIT and DEMERIT; or, of the Objects of REWARD and PUNISHMENT. Consisting of Three Sections.",mainBody,540000201,,,
structural,s000203,SECTION I. Of the SENSE of MERIT and DEMERIT.,mainBody,540000201,,,
structural,s000204,"CHAP. I. That whatever appears to be the proper object of gratitude, appears to deserve reward; and that, in the same manner, whatever appears to be the proper object of resentment, appears to deserve ...",mainBody,540000201,,,
structural,s000205,CHAP. II. Of the proper objects of gratitude and resentment.,mainBody,540000201,,,
structural,s000206,"CHAP. III. That where there is no approbation of the conduct of the person who confers the benefit, there is little sympathy with the gratitude of him who receives it: and that, on the contrary, where ...",mainBody,540000201,,,
structural,s000207,CHAP. IV. Recapitulation of the foregoing chapters.,mainBody,540000201,,,
structural,s000208,CHAP. V. The analysis of the sense of Merit and Demerit.,mainBody,540000201,,,
structural,s000209,SECTION II. Of Justice and Benesicence.,mainBody,540000201,,,
structural,s000210,CHAP. I. Comparison of those two virtues.,mainBody,540000201,,,
structural,s000211,"CHAP. II. Of the sense of Justice, of Remorse, and of the consciousness of Merit.",mainBody,540000201,,,
structural,s000212,CHAP. III. Of the utility of this constitution of Nature.,mainBody,540000201,,,
structural,s000213,"SECTION III. Of the Influence of Fortune upon the Sentiments of Mankind, with regard to the Merit or Demerit of Actions.",mainBody,540000201,,,
structural,s000214,CHAP. I. Of the causes of this Influence of Fortune.,mainBody,540000201,,,
structural,s000215,CHAP. II. Of the extent of this Influence of Fortune.,mainBody,540000201,,,
structural,s000216,CHAP. III. Of the final cause of this Irregularity of Sentiments.,mainBody,540000201,,,
structural,s000217,"PART III. Of the Foundation of our Judgments concerning our own Sentiments and Conduct, and of the Sense of Duty.",mainBody,540000201,,,
structural,s000218,CHAP. I. Of the Principle of Self-approbation and of Self-disapprobation.,mainBody,540000201,,,
structural,s000219,"CHAP. II. Of the love of Praise, and of that of Praiseworthiness; and of the dread of Blame, and of that of Blame-worthiness.",mainBody,540000201,,,
structural,s000220,CHAP. III. Of the Influence and Authority of Conscience.,mainBody,540000201,,,
structural,s000221,"CHAP. IV. Of the Nature of Self-deceit, and of the Origin and Use of general Rules.",mainBody,540000201,,,
structural,s000222,"CHAP. V. Of the influence and authority of the general Rules of Morality, and that they are justly regarded as the Laws of the Deity.",mainBody,540000201,,,
structural,s000223,CHAP. VI. In what cases the Sense of Duty ought to be the sole principle of our conduct; and in what cases it ought to concur with other motives.,mainBody,540000201,,,
structural,s000224,PART IV. Of the EFFECT of UTILITY upon the Sentiment of Approbation. Consisting of One SECTION.,mainBody,540000201,,,
structural,s000225,"CHAP. I. Of the beauty which the appearance of UTILITY bestows upon all the productions of art, and of the extensive influence of this species of Beauty.",mainBody,540000201,,,
structural,s000226,CHAP. II. Of the beauty which the appearance of Utility bestows upon the characters and actions of men; and how far the perception of this beauty may be regarded as one of the original principles of ...,mainBody,540000201,,,
structural,s000227,Title Page,frontMatter,208300801,,,
structural,s000228,Table of Contents,frontMatter,208300801,,,
structural,s000229,ADVERTISEMENT.,frontMatter,208300801,,,
structural,s000230,ERRATA of VOL. I.,frontMatter,208300801,,,
structural,s000231,ERRATA of VOL. II.,frontMatter,208300801,,,
structural,s000232,INTRODUCTION.,frontMatter,208300801,,,
structural,s000233,"PART I. Of Ideas, their Origin, Composition, Connexion, Abstraction, &c.",mainBody,208300801,,,
structural,s000234,SECT. I. Of the Origin of our Ideas.,mainBody,208300801,,,
structural,s000235,SECT. II. Division of the subject.,mainBody,208300801,,,
structural,s000236,SECT. III. Of the ideas of the memory and imagination.,mainBody,208300801,,,
structural,s000237,SECT. IV. Of the connexion or association of ideas.,mainBody,208300801,,,
structural,s000238,SECT. V. Of relations.,mainBody,208300801,,,
structural,s000239,SECT. VI. Of modes and substances.,mainBody,208300801,,,
structural,s000240,SECT. VII. Of abstract ideas.,mainBody,208300801,,,
structural,s000241,PART II. Of the ideas of space and time.,mainBody,208300801,,,
structural,s000242,SECT. I. Of the infinite divisibility of our ideas of space and time.,mainBody,208300801,,,
structural,s000243,SECT. II. Of the infinite divisibility of space and time.,mainBody,208300801,,,
structural,s000244,SECT. III. Of the other qualities of our ideas of space and time.,mainBody,208300801,,,
structural,s000245,SECT. IV. Objections answer'd.,mainBody,208300801,,,
structural,s000246,SECT. V. The same subject continu'd.,mainBody,208300801,,,
structural,s000247,"SECT. VI. Of the idea of existence, and of external existence.",mainBody,208300801,,,
structural,s000248,PART III. Of knowledge and probability.,mainBody,208300801,,,
structural,s000249,SECT. I. Of knowledge.,mainBody,208300801,,,
structural,s000250,SECT. II. Of probability; and of the idea of cause and effect.,mainBody,208300801,,,
structural,s000251,SECT. III. Why a cause is always necessary.,mainBody,208300801,,,
structural,s000252,SECT. IV. Of the component parts of our reasonings concerning cause and effect.,mainBody,208300801,,,
structural,s000253,SECT. V. Of the impressions of the senses and memory.,mainBody,208300801,,,
structural,s000254,SECT. VI. Of the inference from the impression to the idea.,mainBody,208300801,,,
structural,s000255,SECT. VII. Of the nature of the idea or belief.,mainBody,208300801,,,
structural,s000256,SECT. VIII. Of the causes of belief.,mainBody,208300801,,,
structural,s000257,SECT. IX. Of the effects of other relations and other habits.,mainBody,208300801,,,
structural,s000258,SECT. X. Of the influence of belief.,mainBody,208300801,,,
structural,s000259,SECT. XI. Of the probability of chances.,mainBody,208300801,,,
structural,s000260,SECT. XII. Of the probability of causes.,mainBody,208300801,,,
structural,s000261,SECT. XIII. Of unphilosophical probability.,mainBody,208300801,,,
structural,s000262,SECT. XIV. Of the idea of necessary connexion.,mainBody,208300801,,,
structural,s000263,SECT. XV. Rules by which to judge of causes and effects.,mainBody,208300801,,,
structural,s000264,SECT. XVI. Of the reason of animals.,mainBody,208300801,,,
structural,s000265,PART IV. Of the Sceptical and other systems of philosophy.,mainBody,208300801,,,
structural,s000266,SECT. I. Of scepticism with regard to reason.,mainBody,208300801,,,
structural,s000267,SECT. II. Of scepticism with regard to the senses.,mainBody,208300801,,,
structural,s000268,SECT. III. Of the antient philosophy.,mainBody,208300801,,,
structural,s000269,SECT. IV. Of the modern philosophy.,mainBody,208300801,,,
structural,s000270,SECT. V. Of the immateriality of the soul.,mainBody,208300801,,,
structural,s000271,SECT. VI. Of personal identity.,mainBody,208300801,,,
structural,s000272,SECT. VII. Conclusion of this book.,mainBody,208300801,,,
structural,s000273,Books printed for J. NOON.,backMatter,208300801,,,
structural,s000274,Title Page,frontMatter,32100800,,,
structural,s000275,Table of Contents,frontMatter,32100800,,,
structural,s000276,PREFACE.,frontMatter,32100800,,,
structural,s000277,INTRODUCTION.,frontMatter,32100800,,,
structural,s000278,FIRST EPOCH. Men united into Hordes.,mainBody,32100800,,,
structural,s000279,SECOND EPOCH. Pastoral State of Mankind. — Transition from that to the Agricultural State.,mainBody,32100800,,,
structural,s000280,THIRD EPOCH. Progress of Mankind from the Agricultural State to the Invention of Alphabetical Writing.,mainBody,32100800,,,
structural,s000281,"FOURTH EPOCH. Progress of the Human Mind in Greece, till the Division of the Sciences about the Age of Alexander.",mainBody,32100800,,,
structural,s000282,"FIFTH EPOCH. Progress of the Sciences, from their Division to their Decline.",mainBody,32100800,,,
structural,s000283,"SIXTH EPOCH. Decline of Learning, to its Restoration about the Period of the Crusades.",mainBody,32100800,,,
structural,s000284,"SEVENTH EPOCH. From the first Progress of the Sciences about the Period of their Revival in the West, to the Invention of the Art of Printing.",mainBody,32100800,,,
structural,s000285,"EIGHTH EPOCH. From the Invention of Printing, to the Period when the Sciences and Philosophy threw off the Yoke of Authority.",mainBody,32100800,,,
structural,s000286,"NINTH EPOCH. From the Time of Descartes, to the Formation of the French Republic.",mainBody,32100800,,,
structural,s000287,TENTH EPOCH. Future Progress of Mankind.,mainBody,32100800,,,
structural,s000288,Title Page,frontMatter,356100101,,,
structural,s000289,PREFACE.,frontMatter,356100101,,,
structural,s000290,The ARGUMENT.,frontMatter,356100101,,,
structural,s000291,The ARGUMENT.,frontMatter,356100101,,,
structural,s000292,The ARGUMENT.,frontMatter,356100101,,,
structural,s000293,The ARGUMENT.,frontMatter,356100101,,,
structural,s000294,"AN ESSAY ON THE LIFE, WRITINGS and LEARNING, OF HOMER.",mainBody,356100101,,,
structural,s000295,SECT. II.,mainBody,356100101,,,
structural,s000296,SECT. III.,mainBody,356100101,,,
structural,s000297,ERRATA in the ESSAY.,mainBody,356100101,,,
structural,s000298,THE FIRST BOOK OF THE ILIAD.,mainBody,356100101,,,
structural,s000299,THE SECOND BOOK OF THE ILIAD.,mainBody,356100101,,,
structural,s000300,THE CATALOGUE of the SHIPS.,mainBody,356100101,,,
structural,s000301,THE THIRD BOOK. OF THE ILIAD.,mainBody,356100101,,,
structural,s000302,THE FOURTH BOOK OF THE ILIAD.,mainBody,356100101,,,
structural,s000303,OBSERVATIONS ON THE First Book.,backMatter,356100101,,,
structural,s000304,OBSERVATIONS ON THE Second Book.,backMatter,356100101,,,
structural,s000305,"A GEORGRAPHICAL TABLE of the Towns, &c. in HOMER's Catalogue of Greece, with the Authorities for their Situation, as placed in this Map.",backMatter,356100101,,,
structural,s000306,"A Table of TROY, and the Auxiliar COUNTRIES.",backMatter,356100101,,,
structural,s000307,OBSERVATIONS ON THE Third Book.,backMatter,356100101,,,
structural,s000308,OBSERVATIONS ON THE Fourth Book.,backMatter,356100101,,,
structural,s000309,Title Page,frontMatter,646400100,,,
structural,s000310,Table of Contents,frontMatter,646400100,,,
structural,s000311,"CHAP. I. How Candid was brought up in a magnificent castle, and how he was expelled from thence.",mainBody,646400100,,,
structural,s000312,CHAP. II. What became of Candid among the Bulgarians.,mainBody,646400100,,,
structural,s000313,"CHAP. III. How Candid made his escape from the Bulgarians, and what afterwards became of him.",mainBody,646400100,,,
structural,s000314,"CHAP. IV. How Candid found his old master Pangloss, and what happened to them.",mainBody,646400100,,,
structural,s000315,"CHAP. V. A tempest, a shipwreck, an earthquake, and what became of doctor Pangloss, Candid, and James the anabaptist.",mainBody,646400100,,,
structural,s000316,"CHAP. VI. How the Portuguese made a pompous Auto - da - fe, to prevent any further earthquakes; and how Candid was publicly whipt.",mainBody,646400100,,,
structural,s000317,"CHAP. VII. How the old woman took care of Candid, and how he found the object he loved.",mainBody,646400100,,,
structural,s000318,CHAP. VIII. The History of Cunegund.,mainBody,646400100,,,
structural,s000319,"CHAP. IX. What became of Cunegund, Candid, the grand inquisitor, and the Jew.",mainBody,646400100,,,
structural,s000320,"CHAP. X. In what distress Candid, Cunegund, and the old woman, came to Candiz; and of their embarkation.",mainBody,646400100,,,
structural,s000321,CHAP. XI. History of the old woman.,mainBody,646400100,,,
structural,s000322,CHAP. XII. The adventures of the old woman continued.,mainBody,646400100,,,
structural,s000323,"CHAP. XIII. How Candid was obliged to leave his fair Cunegund, and the old woman.",mainBody,646400100,,,
structural,s000324,CHAP. XIV. How Candid and Cacambo were received by the Jesuits of Paraguay.,mainBody,646400100,,,
structural,s000325,CHAP. XV. How Candid killed the brother of his dear Cunegund.,mainBody,646400100,,,
structural,s000326,"CHAP. XVI. Adventures of the two travellers, with two girls, two monkeys, and the savages called Oreillons.",mainBody,646400100,,,
structural,s000327,"CHAP. XVII. Candid and his valet arrive at the country of Eldorado, and what they saw there.",mainBody,646400100,,,
structural,s000328,CHAP. XVIII. What they saw in the country of Eldorado.,mainBody,646400100,,,
structural,s000329,"CHAP. XIX. What happened to them at Surinam, and how Candid got acquainted with Martin.",mainBody,646400100,,,
structural,s000330,CHAP. XX. What happened at sea to Candid and Martin.,mainBody,646400100,,,
structural,s000331,"CHAP. XXI. Candid and Martin draw near the coast of France, and reason with each other.",mainBody,646400100,,,
structural,s000332,CHAP. XXII. What happened in France to Candid and Martin.,mainBody,646400100,,,
structural,s000333,CHAP. XXIII. Candid and Martin touch upon the English coast; and what they see there.,mainBody,646400100,,,
structural,s000334,CHAP. XXIV. Of Paquette and friar Giroflée.,mainBody,646400100,,,
structural,s000335,"CHAP. XXV. Candid and Martin pay a visit to the senator Pococurante, a noble Venetian.",mainBody,646400100,,,
structural,s000336,"CHAP. XXVI. How Candid and Martin supped with six strangers, and who they were.",mainBody,646400100,,,
structural,s000337,CHAP. XXVII. Candid's voyage to Constantinople.,mainBody,646400100,,,
structural,s000338,"CHAP. XXVIII. What happened to Candid, Cunegund, Pangloss, and Martin, &c.",mainBody,646400100,,,
structural,s000339,CHAP. XXIX. How Candid found Cunegund and the old woman again.,mainBody,646400100,,,
structural,s000340,CHAP. XXX. The CONCLUSION.,mainBody,646400100,,,
structural,s000341,Title Page,frontMatter,66000300,,,
structural,s000342,Table of Contents,frontMatter,66000300,,,
structural,s000343,ADVERTISEMENT.,frontMatter,66000300,,,
structural,s000344,"LETTERS OF JULIA AND CAROLINE. No penance can absolve their guilty same, Nor tears, that wash out guilt, can wash out shame. PRIOR.",frontMatter,66000300,,,
structural,s000345,"AN ESSAY ON THE NOBLE SCIENCE OF SELF-JUSTIFICATION. ""For which an eloquence that aims to vex, ""With native tropes of anger arms the sex. "" PARNED.",frontMatter,66000300,,,
structural,s000346,Main Body,mainBody,66000300,,,
structural,s000347,Title Page,frontMatter,1198200200,,,
structural,s000348,Table of Contents,frontMatter,1198200200,,,
structural,s000349,"TO THE RIGHT HONOURABLE WILLIAM CHARLES COLYEAR, EARL OF PORTMORE, VISCOUNT MILSINTOWN.",frontMatter,1198200200,,,
structural,s000350,Books Printed and Sold by J. PHILLIPS.,frontMatter,1198200200,,,
structural,s000351,THE PREFACE.,frontMatter,1198200200,,,
structural,s000352,ERRATA.,frontMatter,1198200200,,,
structural,s000353,PART I. THE HISTORY OF SLAVERY.,mainBody,1198200200,,,
structural,s000354,CHAP. I.,mainBody,1198200200,,,
structural,s000355,CHAP. II.,mainBody,1198200200,,,
structural,s000356,CHAP. III.,mainBody,1198200200,,,
structural,s000357,CHAP. IV.,mainBody,1198200200,,,
structural,s000358,CHAP. V.,mainBody,1198200200,,,
structural,s000359,CHAP. VI.,mainBody,1198200200,,,
structural,s000360,CHAP. VII.,mainBody,1198200200,,,
structural,s000361,CHAP. VIII.,mainBody,1198200200,,,
structural,s000362,"PART II. THE AFRICAN COMMERCE, OR SLAVE TRADE.",mainBody,1198200200,,,
structural,s000363,CHAP. I.,mainBody,1198200200,,,
structural,s000364,CHAP. II.,mainBody,1198200200,,,
structural,s000365,CHAP. III.,mainBody,1198200200,,,
structural,s000366,CHAP. IV.,mainBody,1198200200,,,
structural,s000367,CHAP. V.,mainBody,1198200200,,,
structural,s000368,CHAP. VI.,mainBody,1198200200,,,
structural,s000369,CHAP. VII.,mainBody,1198200200,,,
structural,s000370,CHAP. VIII.,mainBody,1198200200,,,
structural,s000371,CHAP. IX.,mainBody,1198200200,,,
structural,s000372,PART III. THE SLAVERY of the AFRICANS IN THE EUROPEAN COLONIES.,mainBody,1198200200,,,
structural,s000373,CHAP. I.,mainBody,1198200200,,,
structural,s000374,CHAP. II.,mainBody,1198200200,,,
structural,s000375,CHAP. III.,mainBody,1198200200,,,
structural,s000376,CHAP. IV.,mainBody,1198200200,,,
structural,s000377,CHAP. V.,mainBody,1198200200,,,
structural,s000378,CHAP. VI.,mainBody,1198200200,,,
structural,s000379,CHAP. VII.,mainBody,1198200200,,,
structural,s000380,CHAP. VIII.,mainBody,1198200200,,,
structural,s000381,CHAP. IX.,mainBody,1198200200,,,
structural,s000382,CHAP. X.,mainBody,1198200200,,,
structural,s000383,CHAP. XI.,mainBody,1198200200,,,
structural,s000384,Title Page,frontMatter,1596900601,,,
structural,s000385,Table of Contents,frontMatter,1596900601,,,
structural,s000386,"To the Lords Spiritual and Temporal, and the Commons of the Parliament of Great Britain.",frontMatter,1596900601,,,
structural,s000387,LIST OF SUBSCRIBERS.,frontMatter,1596900601,,,
structural,s000388,"CHAP. I. The author's account of his country, their manners and customs, &c.",mainBody,1596900601,,,
structural,s000389,CHAP. II. The author's birth and parentage — His being kidnapped with his sister — Horrors of a slave ship.,mainBody,1596900601,,,
structural,s000390,CHAP. III. The author is carried to Virginia — Arrives in England — His wonder at a fall of snow.,mainBody,1596900601,,,
structural,s000391,CHAP. IV. A particular account of the celebrated engagement between Admiral Boseawen and Monsieur Le Clue,mainBody,1596900601,,,
structural,s000392,"CHAP. V. Various interesting instances of oppression, cruelty, and extortion",mainBody,1596900601,,,
structural,s000393,CHAP. VI. Favourable change in the author's situation — He commences merchant with threepence.,mainBody,1596900601,,,
structural,s000394,Title Page,frontMatter,922700800,,,
structural,s000395,Main Body,mainBody,922700800,,,
structural,s000396,Title Page,frontMatter,432500700,,,
structural,s000397,"I. VIEW of the EVIDENCE that the Committee has obtained of the present State of those Parts of AFRICA from whence SLAVES have been exported, taking each Country that lies upon the Coast separately, be ...",mainBody,432500700,,,
structural,s000398,"Government, Religion, Manners, and Customs.",mainBody,432500700,,,
structural,s000399,SLAVES.,mainBody,432500700,,,
structural,s000400,PRODUCE.,mainBody,432500700,,,
structural,s000401,SPECIAL INFORMATION.,mainBody,432500700,,,
structural,s000402,SPECIAL INFORMATION.,mainBody,432500700,,,
structural,s000403,Detached Pieces of Evidence relating to the Trade to Africa generally.,mainBody,432500700,,,
structural,s000404,"The Committee will now proceed to give an Account, prepared under their Direction, of the Charters and Statutes, under the Authority and Protection of which the African Trade first began, and has continued to the present Time.",mainBody,432500700,,,
structural,s000405,"In the foregoing Account the Committee have confined themselves to the Charters and Statutes under the Authority, and Protection of which this Trade has been carried on; they will now proceed to give an ....",mainBody,432500700,,,
structural,s000406,"II. Evidence with respect to carrying Slaves to the West Indies, &c. &c. &c.",mainBody,432500700,,,
structural,s000407,"The following Letter, treating of the Mortality of Seamen in the African Trade, was transmitted to the Committee by the Reverend Mr. Clarkson.",mainBody,432500700,,,
structural,s000408,"Muster Rolls, &c (1).",mainBody,432500700,,,
structural,s000409,"III. Treatment of SLAVES in the WEST INDIES, and all Circumstances relating thereto, digested under certain Heads.",mainBody,432500700,,,
structural,s000410,Jamaica,mainBody,432500700,,,
structural,s000411,Barbadoes.,mainBody,432500700,,,
structural,s000412,Antigua.,mainBody,432500700,,,
structural,s000413,Montserrat.,mainBody,432500700,,,
structural,s000414,Nevis.,mainBody,432500700,,,
structural,s000415,Grenada and St. Christopher.,mainBody,432500700,,,
structural,s000416,Dominica.,mainBody,432500700,,,
structural,s000417,St. Vincent.,mainBody,432500700,,,
structural,s000418,Bermuda.,mainBody,432500700,,,
structural,s000419,Bahama Islands.,mainBody,432500700,,,
structural,s000420,Further Evidence received by the Committee respecting the Treatment of Slaves in the West Indies.,mainBody,432500700,,,
structural,s000421,"THE following Papers being detached Pieces of Evidence not particularly referring to any One of the British Islands in the West Indies, the Committee have therefore thought proper to insert the same in this ...",mainBody,432500700,,,
structural,s000422,"BEFORE the Committee proceed to offer a Statement of the Laws that at present subsist in the West India Islands, respecting Negro Slaves, arranged under different Titles, they think it right to lay before ...",mainBody,432500700,,,
structural,s000423,"A STATEMENT OF THE LAWS AT LARGE, RESPECTING NEGROES IN THE WEST INDIA ISLANDS. ARRANGED UNDER DIFFERENT TITLES.",mainBody,432500700,,,
structural,s000424,"IV. The several Accounts which have been called for, in order to shew the Extent of the Trade in all its Branches, and the Number of the White People and Slaves in each of the Islands in the West Indi ...",mainBody,432500700,,,
structural,s000425,"IV. The several Accounts which have been called for, in order to shew the Extent of the Trade in all its Branches, and the Number of the White People and Slaves in each of the Islands in the West Indi ...",mainBody,432500700,,,
structural,s000426,"V. The Advantages which the French West India Islands are supposed, at pressent, to enjoy over the British Islands, and the Reasons on which these superior Advantages are founded.",mainBody,432500700,,,
structural,s000427,Jamaica.,mainBody,432500700,,,
structural,s000428,Barbadoes.,mainBody,432500700,,,
structural,s000429,Antigua.,mainBody,432500700,,,
structural,s000430,Nevis.,mainBody,432500700,,,
structural,s000431,Grenada and St. Christopher.,mainBody,432500700,,,
structural,s000432,Dominica.,mainBody,432500700,,,
structural,s000433,St. Vincent.,mainBody,432500700,,,
structural,s000434,Bahamas.,mainBody,432500700,,,
structural,s000435,"VI. VIEW of the Information that has been obtained concerning the Extent of the Trade of other European Nations to Africa, and the Manner in which the same is carried on, and concerning the Treatment ...",mainBody,432500700,,,
structural,s000436,Portugal.,mainBody,432500700,,,
structural,s000437,Holland.,mainBody,432500700,,,
structural,s000438,France.,mainBody,432500700,,,
structural,s000439,Spain.,mainBody,432500700,,,
structural,s000440,Trade in the Interior Parts of Africa.,mainBody,432500700,,,
structural,s000441,INDEX.,backMatter,432500700,,,
structural,s000442,APPENDIX.,backMatter,432500700,,,
structural,s000443,Title Page,frontMatter,1163900102,,,
structural,s000444,BOOK IV. PRESENT INHABITANTS.,mainBody,1163900102,,,
structural,s000445,CHAP. I. Summary account of the Inhabitants of the several Islands. - Classes. - Emigrants from Great Britain and Ireland. - Predominant character of the European residents. - Creoles or Natives. - Ef ...,mainBody,1163900102,,,
structural,s000446,"CHAP. II. Of Negroes in a state of Slavery. - Preliminary Observations. - Origin of the Slave Trade. - Portuguese Settlements on the African Coast. - Negroes introduced into Hispaniola in 1502, and th ...",mainBody,1163900102,,,
structural,s000447,"CHAP. III. Mandingoes, or Natives of the Windward Coast. - Mahometans. - Their wars, manners, and persons. - Koromantyn Negroes, or Natives of the Gold Coast. - Their ferociousness of disposition disp ...",mainBody,1163900102,,,
structural,s000448,CHAP. IV. Means of obtaining Slaves in Africa. - Observations thereon. - Objections to a direct and immediate abolition of the trade by the British Nation only. - The probable consequences of such a m ...,mainBody,1163900102,,,
structural,s000449,"CHAP. V. Arrival and sale in the West Indies. - Negroes newly purchased, how disposed of and employed. - Detail of the management of Negroes on a sugar plantation. - Mode of maintaining them. - Houses ...",mainBody,1163900102,,,
structural,s000450,APPENDIX TO BOOK IV. NUMBER I.,mainBody,1163900102,,,
structural,s000451,NUMBER II.,mainBody,1163900102,,,
structural,s000452,BOOK V. AGRICULTURE.,mainBody,1163900102,,,
structural,s000453,"CHAP. I. Sugar Cane. - Known to the ancients. - Conjectures concerning its introduction into Europe. - Conveyed from Sicily to the Azores, &c. in the 15th century, and from thence to the West Indies. ...",mainBody,1163900102,,,
structural,s000454,"CHAP. II. Crop - time the season of health and festivity. - Mills for grinding the canes. - Of the cane - juice, and its component parts. - Process for obtaining raw or muscovado sugar. - Melasses, an ...",mainBody,1163900102,,,
structural,s000455,"CHAP. III. Capital necessary in the settlement or purchase of a sugar plantation of a given extent. - The lands, buildings, and stock separately considered. - Particulars and cost. - Cross returns fro",mainBody,1163900102,,,
structural,s000456,"CHAP. IV. Of the minor Staple Commodities; viz. COTTON, its growth and various species. - Mode of cultivation and risques attendit. - Import of this article into Great Britain, and profits accruing fr ...",mainBody,1163900102,,,
structural,s000457,BOOK VI. GOVERNMENT AND COMMERCE.,mainBody,1163900102,,,
structural,s000458,"CHAP. I. Colonial Establishments. - Of the Captain General or Chief Governor; his Powers and Privileges. - Some Reflections on the usual Choice of Persons for this high Office. - Lieutenant General, L ...",mainBody,1163900102,,,
structural,s000459,CHAP. II (a). Houses of Assembly. - Prerogative denied to be in the Crown of establishing in the Colonies Constitutions less free than that of Great Britain. - Most of the British West Indian Islands ...,mainBody,1163900102,,,
structural,s000460,CHAP. III. Principles on which the Nations of Europe settled Colonies in America. - Commercial Regulations of Great Britain. - Remarks on the Acts of Navigation. - Admission of foreign - built Vessels ...,mainBody,1163900102,,,
structural,s000461,"CHAP. IV. Trade between the British West Indies and North America previous to the late Civil War. - Official Account of American Supplies, and their Value. - Ships and Seamen. - Returns. - Advantages ...",mainBody,1163900102,,,
structural,s000462,"CHAP. V. Charges brought against the Planters introductory of Opinions and Doctrines the Design of which is to prove, that the Settlement of the British Plantations was improvident and unwise. - Testi ...",mainBody,1163900102,,,
structural,s000463,Back Matter,backMatter,1163900102,,,
structural,s000464,Title Page,frontMatter,49900105,,,
structural,s000465,Table of Contents,frontMatter,49900105,,,
structural,s000466,"LETTER I. Mr. LOVELACE, To JOHN BELFORD, Esq;",mainBody,49900105,,,
structural,s000467,"LETTER II. Mr. LOVELACE, To JOHN BELFORD, Esq;",mainBody,49900105,,,
structural,s000468,"LETTER III. Mr. LOVELACE, To JOHN BELFORD, Esq;",mainBody,49900105,,,
structural,s000469,"LETTER IV. Mr. LOVELACE, To JOHN BELFORD, Esq;",mainBody,49900105,,,
structural,s000470,"LETTER V. Miss CLARISSA HARLOWE, To Miss HOWE.",mainBody,49900105,,,
structural,s000471,"LETTER VI. Mr. LOVELACE, To JOHN BELFORD, Esq;",mainBody,49900105,,,
structural,s000472,"LETTER VII. Mr. LOVELACE, To JOHN BELFORD, Esq;",mainBody,49900105,,,
structural,s000473,"LETTER VIII. Mr. LOVELACE, To JOHN BELFORD, Esq;",mainBody,49900105,,,
structural,s000474,"LETTER IX. Mr. LOVELACE, To JOHN BELFORD, Esq;",mainBody,49900105,,,
structural,s000475,"LETTER X. Mr. LOVELACE, To JOHN BELFORD, Esq;",mainBody,49900105,,,
structural,s000476,LETTER XI. Mr. LOVELACE. In Continuation.,mainBody,49900105,,,
structural,s000477,LETTER XII. Mr. LOVELACE. In Continuation.,mainBody,49900105,,,
structural,s000478,LETTER XIII. Mr. LOVELACE. In Continuation.,mainBody,49900105,,,
structural,s000479,LETTER XIV. Mr. LOVELACE. In Continuation.,mainBody,49900105,,,
structural,s000480,"LETTER XV. Mr. LOVELACE, To JOHN BELFORD, Esq;",mainBody,49900105,,,
structural,s000481,"LETTER XVI. Mr. LOVELACE, To JOHN BELFORD, Esq;",mainBody,49900105,,,
structural,s000482,"LETTER XVII. Mr. LOVELACE, To JOHN BEL ORD, Esq;",mainBody,49900105,,,
structural,s000483,"LETTER XVIII. Mr. LOVELACE, To JOHN BELFORD, Esq;",mainBody,49900105,,,
structural,s000484,LETTER XIX. Mr. LOVELACE. In Continuation.,mainBody,49900105,,,
structural,s000485,"LETTER XX. Mr. LOVELACE, To JOHN BELFORD, Esq;",mainBody,49900105,,,
structural,s000486,"LETTER XXI. Mr. LOVELACE, To JOHN BELFORD, Esq;",mainBody,49900105,,,
structural,s000487,"LETTER XXII. Mr. LOVELACE, To JOHN BELFORD, Esq;",mainBody,49900105,,,
structural,s000488,"LETTER XXIII. Mr. LOVELACE, To JOHN BELFORD, Esq;",mainBody,49900105,,,
structural,s000489,"LETTER XXIV. Mr. LOVELACE, To JOHN BELFORD, Esq;",mainBody,49900105,,,
structural,s000490,"LETTER XXV. Mr. LOVELACE, To JOHN BELFORD, Esq;",mainBody,49900105,,,
structural,s000491,LETTER XXVI. Mr. LOVELACE. In Continuation.,mainBody,49900105,,,
structural,s000492,"LETTER XXVII. Mr. LOVELACE, To JOHN BELFORD, Esq;",mainBody,49900105,,,
structural,s000493,"LETTER XXVIII. Mr. LOVELACE, To JOHN BELFORD, Esq;",mainBody,49900105,,,
structural,s000494,"LETTER XXIX. Mr. LOVELACE, To JOHN BELFORD, Esq;",mainBody,49900105,,,
structural,s000495,"LETTER XXX. Mr. LOVELACE, To JOHN BELFORD, Esq;",mainBody,49900105,,,
structural,s000496,"LETTER XXXI. Mr. LOVELACE, To JOHN BELFORD, Esq;",mainBody,49900105,,,
structural,s000497,"LETTER XXXII. Mr. LOVELACE, To JOHN BELFORD, Esq;",mainBody,49900105,,,
structural,s000498,"LETTER XXXIII. Mr. BELFORD, To ROBERT LOVELACE, Esq;",mainBody,49900105,,,
structural,s000499,"LETTER XXXIV. Mr. LOVELACE, To JOHN BELFORD, Esq;",mainBody,49900105,,,
structural,s000500,"LETTER XXXV. Mr. LOVELACE, To JOHN BELFORD, Esq;",mainBody,49900105,,,
structural,s000501,"LETTER XXXVI. Mr. LOVELACE, To JOHN BELFORD, Esq;",mainBody,49900105,,,
structural,s000502,"LETTER XXXVII. Mr. LOVELACE, To JOHN BELFORD, Esq;",mainBody,49900105,,,
structural,s000503,"LETTER XXXVIII. Mr. LOVELACE, To JOHN BELFORD, Esq;",mainBody,49900105,,,
structural,s000504,"LETTER XXXIX. Mr. LOVELACE, To JOHN BELFORD, Esq;",mainBody,49900105,,,
structural,s000505,"LETTER XL. Mr. LOVELACE, To JOHN BELFORD, Esq;",mainBody,49900105,,,
structural,s000506,"LETTER XLI. Mr. LOVELACE, To JOHN BELFORD, Esq;",mainBody,49900105,,,
structural,s000507,"LETTER XLII. Mr. LOVELACE, To JOHN BELFORD, Esq;",mainBody,49900105,,,
structural,s000508,"LETTER XLIII. Mr. LOVELACE, To JOHN BELFORD, Esq;",mainBody,49900105,,,
structural,s000509,"LETTER XLIII. Mr. LOVELACE, To JOHN BELFORD, Esq;",mainBody,49900105,,,
structural,s000510,Title Page,frontMatter,468200101,,,
structural,s000511,To the RIGHT HONORABLE the EARL OF BATH.,frontMatter,468200101,,,
structural,s000512,PREFACE.,frontMatter,468200101,,,
structural,s000513,THE LIFE OF MILTON.,frontMatter,468200101,,,
structural,s000514,IN PARADISUM AMISSAM SUMMI POETĆ JOHANNIS MILTONI.,frontMatter,468200101,,,
structural,s000515,ON PARADISE LOST.,frontMatter,468200101,,,
structural,s000516,THE VERSE.,frontMatter,468200101,,,
structural,s000517,A CRITIQUE upon the PARADISE LOST. By Mr. ADDISON.,frontMatter,468200101,,,
structural,s000518,THE LIST of the SUBSCRIBERS.,frontMatter,468200101,,,
structural,s000519,ADVERTISEMENT.,frontMatter,468200101,,,
structural,s000520,THE ARGUMENT.,frontMatter,468200101,,,
structural,s000521,THE ARGUMENT.,frontMatter,468200101,,,
structural,s000522,THE ARGUMENT.,frontMatter,468200101,,,
structural,s000523,THE ARGUMENT.,frontMatter,468200101,,,
structural,s000524,THE ARGUMENT.,frontMatter,468200101,,,
structural,s000525,THE ARGUMENT.,frontMatter,468200101,,,
structural,s000526,BOOK I.,mainBody,468200101,,,
structural,s000527,BOOK II.,mainBody,468200101,,,
structural,s000528,BOOK III.,mainBody,468200101,,,
structural,s000529,BOOK IV.,mainBody,468200101,,,
structural,s000530,BOOK V.,mainBody,468200101,,,
structural,s000531,BOOK VI.,mainBody,468200101,,,
structural,s000532,Back Matter,backMatter,468200101,,,
structural,s000533,Title Page,frontMatter,290100102,,,
structural,s000534,PROLOGUE TO PART the THIRD.,frontMatter,290100102,,,
structural,s000535,PART the THIRD.,mainBody,290100102,,,
structural,s000536,SCENE I.,mainBody,290100102,,,
structural,s000537,SCENE II.,mainBody,290100102,,,
structural,s000538,SCENE III.,mainBody,290100102,,,
structural,s000539,SCENE IV.,mainBody,290100102,,,
structural,s000540,SCENE V.,mainBody,290100102,,,
structural,s000541,SCENE VI.,mainBody,290100102,,,
structural,s000542,SCENE VII.,mainBody,290100102,,,
structural,s000543,SCENE VIII.,mainBody,290100102,,,
structural,s000544,SCENE IX.,mainBody,290100102,,,
structural,s000545,SCENE X.,mainBody,290100102,,,
structural,s000546,SCENE XI.,mainBody,290100102,,,
structural,s000547,SCENE XII.,mainBody,290100102,,,
structural,s000548,SCENE. XIII.,mainBody,290100102,,,
structural,s000549,SCENE XIV.,mainBody,290100102,,,
structural,s000550,SCENE XV.,mainBody,290100102,,,
structural,s000551,SCENE. XVI.,mainBody,290100102,,,
structural,s000552,SCENE XVII.,mainBody,290100102,,,
structural,s000553,PROLOGUE TO PART the FOURTH.,mainBody,290100102,,,
structural,s000554,PART the FOURTH.,mainBody,290100102,,,
structural,s000555,SCENE I.,mainBody,290100102,,,
structural,s000556,SCENE. II.,mainBody,290100102,,,
structural,s000557,SCENE III.,mainBody,290100102,,,
structural,s000558,SCENE IV.,mainBody,290100102,,,
structural,s000559,SCENE V.,mainBody,290100102,,,
structural,s000560,ERRATA.,mainBody,290100102,,,
structural,s000561,Title Page,frontMatter,695101100,,,
structural,s000562,Dramatis Personć.,frontMatter,695101100,,,
structural,s000563,ACT I. SCENE I.,mainBody,695101100,,,
structural,s000564,ACT II. SCENE I.,mainBody,695101100,,,
structural,s000565,ACT III. SCENE I.,mainBody,695101100,,,
structural,s000566,ACT IV.,mainBody,695101100,,,
structural,s000567,ACT V. SCENE I.,mainBody,695101100,,,
structural,s000568,Title Page,frontMatter,310700201,,,
structural,s000569,Table of Contents,frontMatter,310700201,,,
structural,s000570,PREFACE.,frontMatter,310700201,,,
structural,s000571,"Mrs. BARBER,",frontMatter,310700201,,,
structural,s000572,"To the Right Honourable JOHN, Earl of ORRERY.",frontMatter,310700201,,,A0031
structural,s000573,Extract of a Letter from Mrs. Jones TO The Hon. Miss LOVELACE.,frontMatter,310700201,,,A0028
structural,s000574,"Mrs. BEHN,",frontMatter,310700201,,,A0029
structural,s000575,"Miss ELIZA CARTER,",frontMatter,310700201,,,
structural,s000576,Lady CHUDLEIGH,frontMatter,310700201,,,
structural,s000577,Mrs. COCKBURN,frontMatter,310700201,,,
structural,s000578,"Mrs. CONSTANTIA GRIERSON, of Kilkenny, in Ireland,",frontMatter,310700201,,,
structural,s000579,Mrs. MARY JONES,frontMatter,310700201,,,
structural,s000580,POEMS BY Mrs. MARY BARBER.,mainBody,310700201,,,Unknown
structural,s000581,A TRUE TALE.,mainBody,310700201,,,A0020
structural,s000582,"Written for my Son, and spoken by him at his first putting on Breeches.",mainBody,310700201,,,A0020
structural,s000583,An unanswerable Apology for the Rich.,mainBody,310700201,,,A0020
structural,s000584,Window GORDON?s Petition. * To the Right Hon. the Lady CARTERET.,mainBody,310700201,,,A0020
structural,s000585,"Written in the Conclusion of A Letter to Mr. TICKEL, Intreating him to recommend the Widow Gordon?s Petition.",mainBody,310700201,,,A0020
structural,s000586,The PRODIGY. A Letter to a Friend in the Country.,mainBody,310700201,,,A0020
structural,s000587,SINCERITY. A Poem. Occasion?s by a Friend?s resenting some Advice I gave.,mainBody,310700201,,,A0020
structural,s000588,"Written for my Son, and spoken by him in School, upon his Master?s first bringing in a Rod.",mainBody,310700201,,,A0020
structural,s000589,To his Grace the Duke of Chandos.,mainBody,310700201,,,A0020
structural,s000590,Conclusion of a Letter to the Rev. Mr. C ? .,mainBody,310700201,,,A0020
structural,s000591,Jupiter and Fortune. A Fable.,mainBody,310700201,,,A0020
structural,s000592,"A Letter to a Friend, on occasion of some Libels written against him.",mainBody,310700201,,,A0020
structural,s000593,"A Letter for my Son to one of his School - fellows, Son to Henry Rose, Esq;",mainBody,310700201,,,A0020
structural,s000594,"Apology to Dr. Clayton, Bishop of Killala, and his Lady, who had promis?d to dine with the Author.",mainBody,310700201,,,A0020
structural,s000595,Apollo?s Edict.,mainBody,310700201,,,A0020
structural,s000596,"Occasion?d by seeing some Verses written by Mrs. GRIERSON, upon the Death of her Son.",mainBody,310700201,,,A0020
structural,s000597,The Oak and its Branches A Fable. Occasion?d by seeing a dead Oak beautifully encompassed with Ivy.,mainBody,310700201,,,A0020
structural,s000598,"On sending my Son as a Present to Dr. SWIFT, Dean of St. Patrick?s, on his Birth - Day.",mainBody,310700201,,,A0020
structural,s000599,Stella and Flavia.,mainBody,310700201,,,A0020
structural,s000600,"An Apology for the Clergy, who were present when the Minister of the Parish read Prayers and Preach?d twice in one Day, at Tunbridge.",mainBody,310700201,,,A0020
structural,s000601,"Written upon the Rocks at Tunbridge, on seeing the Names of several Persons written there.",mainBody,310700201,,,A0020
structural,s000602,"To the Right Hon. the Earl of Orrery, on his Promise to sup with the Author.",mainBody,310700201,,,A0020
structural,s000603,"To Mrs. Strangeways Horner, with a Letter from my Son; wherein he desires me to accept his first Prize of Learning, conferr?d on him by the University of Dublin.",mainBody,310700201,,,A0020
structural,s000604,"An Invitation to Edward Walpole, Esq; upon hearing he was landed in Dublin.",mainBody,310700201,,,A0020
structural,s000605,"To the Right Honourable John Barber, Esq; Lord Mayor of London, on committing one of my Sons to his Care.",mainBody,310700201,,,A0020
structural,s000606,Advice to the Ladies at Bath.,mainBody,310700201,,,A0020
structural,s000607,"To a Lady, who valu?d herself on speaking her Mind in a blunt Manner, which she call?d being sincere.",mainBody,310700201,,,A0020
structural,s000608,"To a Lady, who commanded me to send her an Account in Verse, how I succeeded in my Subscription.",mainBody,310700201,,,A0020
structural,s000609,POEMS BY Mrs. APHRA BEHN.,mainBody,310700201,,,Unknown
structural,s000610,A VOYAGE TO THE ISLE OF LOVE. An account from Lisander to Lycidas his friend.,mainBody,310700201,,,A0023
structural,s000611,The TRUCE.,mainBody,310700201,,,A0023
structural,s000612,LOVE?s POWER.,mainBody,310700201,,,A0023
structural,s000613,The CHARACTER.,mainBody,310700201,,,A0023
structural,s000614,RESPECT.,mainBody,310700201,,,A0023
structural,s000615,INQUIETUDE.,mainBody,310700201,,,A0023
structural,s000616,The REFLECTION.,mainBody,310700201,,,A0023
structural,s000617,"Little CARES, or Little Arts to Please.",mainBody,310700201,,,A0023
structural,s000618,The DREAM.,mainBody,310700201,,,A0023
structural,s000619,HOPE.,mainBody,310700201,,,A0023
structural,s000620,The River of PRETENSION.,mainBody,310700201,,,A0023
structural,s000621,The Princess HOPE.,mainBody,310700201,,,A0023
structural,s000622,LOVE?s Resentment.,mainBody,310700201,,,A0023
structural,s000623,The City of DISCRETION.,mainBody,310700201,,,A0023
structural,s000624,The silent CONFESSION.,mainBody,310700201,,,A0023
structural,s000625,The DEN of CRUELTY.,mainBody,310700201,,,A0023
structural,s000626,The RIVER of DESPAIR.,mainBody,310700201,,,A0023
structural,s000627,The RESOLVE.,mainBody,310700201,,,A0023
structural,s000628,The QUESTION.,mainBody,310700201,,,A0023
structural,s000629,The TRANSPORT.,mainBody,310700201,,,A0023
structural,s000630,CONFIDENCE.,mainBody,310700201,,,A0023
structural,s000631,The REFLECTION.,mainBody,310700201,,,A0023
structural,s000632,ABSENCE.,mainBody,310700201,,,A0023
structural,s000633,To LOVE.,mainBody,310700201,,,A0023
structural,s000634,RIVALS.,mainBody,310700201,,,A0023
structural,s000635,JEALOUSY.,mainBody,310700201,,,A0023
structural,s000636,The COMPLAINT.,mainBody,310700201,,,A0023
structural,s000637,The PENITENT.,mainBody,310700201,,,A0023
structural,s000638,The CITY of LOVE.,mainBody,310700201,,,A0023
structural,s000639,LOVE?s TEMPLE.,mainBody,310700201,,,A0023
structural,s000640,HONOUR.,mainBody,310700201,,,A0023
structural,s000641,The LOSS.,mainBody,310700201,,,A0023
structural,s000642,The PROSPECT and BOWER of BLISS.,mainBody,310700201,,,A0023
structural,s000643,The GOLDEN AGE. A PARAPHRASE on a Translation from the FRENCH,mainBody,310700201,,,A0023
structural,s000644,SONG. LOVE ARM?D.,mainBody,310700201,,,A0023
structural,s000645,SONG. The INVITATION.,mainBody,310700201,,,A0023
structural,s000646,SCOTS SONG.,mainBody,310700201,,,A0023
structural,s000647,"On a COPY of VERSES made in a DREAM, and sent to me in a morning before I was awake.",mainBody,310700201,,,A0023
structural,s000648,"On a Locket of Hair wove in a True - Lover?s Knot, given me by Sir R. O.",mainBody,310700201,,,A0023
structural,s000649,SONG. On Her Loving Two Equally.,mainBody,310700201,,,A0023
structural,s000650,The COUNSEL. A SONG.,mainBody,310700201,,,A0023
structural,s000651,"SYLVIO?s COMPLAINT. A SONG, To a fine Scotch Tune.",mainBody,310700201,,,A0023
structural,s000652,In Imitation of HORACE.,mainBody,310700201,,,A0023
structural,s000653,"To LYSANDER, on some VERSES he writ, and asking more for his Heart than ?twas worth.",mainBody,310700201,,,A0023
structural,s000654,SONG.,mainBody,310700201,,,A0023
structural,s000655,SONG.,mainBody,310700201,,,A0023
structural,s000656,"CATO?s ANSWER to LABIENUS, when he advised him to consult the ORACLE of JUPITER AMMON.",mainBody,310700201,,,A0023
structural,s000657,"To ALEXIS, on his saying, I lov?d a Man that talked much.",mainBody,310700201,,,A0023
structural,s000658,Part of an ODE to DESIRE.,mainBody,310700201,,,A0023
structural,s000659,POEMS BY Miss ELIZA CARTER.,mainBody,310700201,,,Unknown
structural,s000660,ODE to WISDOM.,mainBody,310700201,,,A0024
structural,s000661,"To a GENTLEMAN, On his intending to cut down a GROVE to enlarge his Prospect.",mainBody,310700201,,,A0024
structural,s000662,POEMS BY Lady CHUDLEIGH.,mainBody,310700201,,,Unknown
structural,s000663,To the LADIES.,mainBody,310700201,,,A0025
structural,s000664,To EUGENIA. On her PASTORAL.,mainBody,310700201,,,A0025
structural,s000665,The RESOLVE.,mainBody,310700201,,,A0025
structural,s000666,The INQUIRY. A DIALOGUE between CLEANTHE and MARISSA.,mainBody,310700201,,,A0025
structural,s000667,One of LUCIAN?s DIALOGUES of the Dead paraphrased.,mainBody,310700201,,,A0025
structural,s000668,"The LADIES DEFENCE: OR, A DIALOGUE between Sir John Brute, Sir William Loveall, Melissa, and a Parson.",mainBody,310700201,,,A0025
structural,s000669,POEMS BY Mrs. COCKBURN.,mainBody,310700201,,,Unknown
structural,s000670,* CALLIOPE?s DIRECTIONS how to deserve and distinguish the MUSES Inspiration.,mainBody,310700201,,,A0026
structural,s000671,The CAUTION.,mainBody,310700201,,,A0026
structural,s000672,The PLATONIC.,mainBody,310700201,,,A0026
structural,s000673,The NEEDLESS DECEIT.,mainBody,310700201,,,A0026
structural,s000674,"A POEM, Occasioned by The BUSTS set up in the Queen?s Hermitage; Designed to be presented with a Vindication of Mr. Locke, which was to have been inscribed to her Majesty.",mainBody,310700201,,,A0026
structural,s000675,SONG. The VAIN ADVICE.,mainBody,310700201,,,A0026
structural,s000676,POEMS BY Mrs. GRIERSON.,mainBody,310700201,,,Unknown
structural,s000677,To Miss LĆTITIA VAN LEWEN (Afterwards Mrs. PILKINGTON) at a Country Assize.,mainBody,310700201,,,A0027
structural,s000678,To the same on the same Occasion.,mainBody,310700201,,,A0027
structural,s000679,"To Mrs. MARY BARBER, Under the Name of SAPPHIRA: Occasioned by the Encouragement she met with in England to publish her POEMS by Subscription.",mainBody,310700201,,,A0027
structural,s000680,VERSES Occasioned by Mrs. BARBER?s Son speaking Latin in School to less Advantage than English: Written as from a SCHOOLFELLOW.,mainBody,310700201,,,A0027
structural,s000681,"To the Hon. Mrs. PERCIVAL, On her desisting from the Bermudan Project.",mainBody,310700201,,,A0027
structural,s000682,"To the Hon. Mrs. PERCIVAL, With Hutcheson?s TREATISE on BEAUTY and ORDER.",mainBody,310700201,,,A0027
structural,s000683,"The SPEECH of CUPID, Upon seeing himself painted By the Honourable Miss CARTERET, (Now Countess of Dysert) on a FAN.",mainBody,310700201,,,A0027
structural,s000684,"PROLOGUE to THEODOSIUS: Spoken by Athenais at the Theatre in Dublin, when Lord and Lady Carteret were in Ireland.",mainBody,310700201,,,A0027
structural,s000685,POEMS BY Mrs. MARY JONES.,mainBody,310700201,,,Unknown
structural,s000686,An EPISTLE to Lady BOWYER.,mainBody,310700201,,,A0028
structural,s000687,Of PATIENCE. An EPISTLE to The Right Hon. SAMUEL Lord MASHAM.,mainBody,310700201,,,A0028
structural,s000688,Of DESIRE. An EPISTLE to The Honourable Miss LOVELACE.,mainBody,310700201,,,A0028
structural,s000689,"In MEMORY of The Right Hon. Lord Aubrey Beauclerk, Who was slain at CARTHAGENA.",mainBody,310700201,,,A0028
structural,s000690,"To Mrs. CLAYTON, With a HARE.",mainBody,310700201,,,A0028
structural,s000691,"To Miss CLAYTON, Occasioned by her breaking an appointment to visit the AUTHOR.",mainBody,310700201,,,A0028
structural,s000692,"ELEGY On a favourite DOG, suppos?d to be poison?d. To Miss MOLLY CLAYTON.",mainBody,310700201,,,A0028
structural,s000693,The SPIDER.,mainBody,310700201,,,A0028
structural,s000694,After the SMALL - POX.,mainBody,310700201,,,A0028
structural,s000695,"The LASS of the HILL, Humbly inscribed to Her Grace the Dutchess of MARLBOROUGH.",mainBody,310700201,,,A0028
structural,s000696,"CONSOLATORY RHYMES To Mrs. EAST, On the Death of her CANARY BIRD.",mainBody,310700201,,,A0028
structural,s000697,HOLT WATERS. A TALE. Extracted from The NATURAL HISTORY of Berkshire.,mainBody,310700201,,,A0028
structural,s000698,SOLILOQUY On an EMPTY PURSE.,mainBody,310700201,,,A0028
structural,s000699,"To the PRINCE of ORANGE, On his MARRIAGE. Written at the time of the OXFORD VERSES.",mainBody,310700201,,,A0028
structural,s000700,EPISTLE from FERN - HILL.,mainBody,310700201,,,A0028
structural,s000701,In Memory of the Right Hon. NEVIL Lord LOVELACE. To Miss LOVELACE.,mainBody,310700201,,,A0028
structural,s000702,"ODE To the Right Honourable Lady HENRY BEAUCLERK, On her MARRIAGE.",mainBody,310700201,,,A0028
